{"total_requests": 0.16483636984042968, "avg_latency": 0.3326283192445212, "error_count": 0.11879995048330211, "active_days": 0.03615739768484023, "total_tokens": 0.28149125084533655, "days_since_last": 0.03321138369904893, "tier_enterprise": 0.020403602465790163, "tier_free": 0.007443759469897101, "tier_pro": 0.005027966266834098}